"Country or Area","Year","Value","Value Footnotes","Unit"
"Albania","2012","1469","","1000 tonnes"
"Albania","2011","1791","","1000 tonnes"
"Albania","2010","1396","","1000 tonnes"
"Albania","2009","1313","","1000 tonnes"
"Albania","2008","1218","","1000 tonnes"
"Albania","2007","1245","","1000 tonnes"
"Albania","2006","1229","","1000 tonnes"
"Albania","2005","1279","","1000 tonnes"
"Albania","2004","988","","1000 tonnes"
"Albania","2003","1057","","1000 tonnes"
"Algeria","2008","8700","1","1000 tonnes"
"Algeria","2003","8500","","1000 tonnes"
"Algeria","1995","5200","","1000 tonnes"
"Andorra","2015","42.0701141357422","","1000 tonnes"
"Andorra","2014","41.1419830322266","","1000 tonnes"
"Andorra","2013","41.6491088867188","","1000 tonnes"
"Andorra","2012","43.1399993896484","","1000 tonnes"
"Andorra","2011","44.7799987792969","","1000 tonnes"
"Andorra","2010","51.9700012207031","","1000 tonnes"
"Andorra","2009","47.9199981689453","","1000 tonnes"
"Andorra","2008","47.5800018310547","","1000 tonnes"
"Andorra","2007","45.7700004577637","","1000 tonnes"
"Andorra","2006","50.75","","1000 tonnes"
"Andorra","2005","49.5400009155273","","1000 tonnes"
"Andorra","2004","49.060001373291","","1000 tonnes"
"Andorra","2003","48.6800003051758","","1000 tonnes"
"Andorra","2002","48.0999984741211","","1000 tonnes"
"Andorra","2001","37.4000015258789","","1000 tonnes"
"Andorra","2000","48.9000015258789","","1000 tonnes"
"Andorra","1999","41.0999984741211","","1000 tonnes"
"Andorra","1998","40.2000007629395","","1000 tonnes"
"Angola","2006","5839.5","2","1000 tonnes"
"Anguilla","2008","14.6547002792358","","1000 tonnes"
"Anguilla","2007","12.3604049682617","","1000 tonnes"
"Anguilla","2006","10.4528512954712","","1000 tonnes"
"Anguilla","2005","8.01208877563477","3","1000 tonnes"
"Anguilla","2004","5.2732892036438","","1000 tonnes"
"Anguilla","2003","4.63972520828247","","1000 tonnes"
"Anguilla","2002","5.10496473312378","","1000 tonnes"
"Anguilla","2001","5.63463735580444","","1000 tonnes"
"Antigua and Barbuda","2015","95.8000030517578","4","1000 tonnes"
"Antigua and Barbuda","2014","138","4","1000 tonnes"
"Antigua and Barbuda","2013","132.699996948242","4","1000 tonnes"
"Antigua and Barbuda","2012","122.5","4","1000 tonnes"
"Antigua and Barbuda","2011","121.199996948242","4","1000 tonnes"
"Antigua and Barbuda","2010","136.600006103516","4","1000 tonnes"
"Antigua and Barbuda","2009","136.399993896484","4","1000 tonnes"
"Antigua and Barbuda","2008","121.699996948242","4","1000 tonnes"
"Antigua and Barbuda","2007","111.800003051758","4","1000 tonnes"
"Antigua and Barbuda","2006","90.9000015258789","4","1000 tonnes"
"Antigua and Barbuda","2005","84.0999984741211","4","1000 tonnes"
"Argentina","2012","5692.0361328125","5","1000 tonnes"
"Argentina","2011","49419.92578125","5","1000 tonnes"
"Argentina","2010","6125.505859375","5","1000 tonnes"
"Argentina","2009","5662.3427734375","5","1000 tonnes"
"Argentina","2008","5585.2099609375","5","1000 tonnes"
"Armenia","2012","408.100006103516","","1000 tonnes"
"Armenia","2011","395.5","","1000 tonnes"
"Armenia","2010","387.100006103516","","1000 tonnes"
"Armenia","2009","410.899993896484","","1000 tonnes"
"Armenia","2008","385.899993896484","","1000 tonnes"
"Armenia","2007","391.899993896484","","1000 tonnes"
"Armenia","2006","381","","1000 tonnes"
"Armenia","2005","374.600006103516","","1000 tonnes"
"Armenia","2004","377","","1000 tonnes"
"Armenia","2003","368.600006103516","","1000 tonnes"
"Armenia","2002","284.399993896484","","1000 tonnes"
"Armenia","2001","233.600006103516","","1000 tonnes"
"Armenia","2000","208.100006103516","","1000 tonnes"
"Armenia","1999","242.199996948242","","1000 tonnes"
"Armenia","1998","281.100006103516","","1000 tonnes"
"Armenia","1997","289.899993896484","","1000 tonnes"
"Armenia","1996","318.600006103516","","1000 tonnes"
"Armenia","1995","342.600006103516","","1000 tonnes"
"Armenia","1990","712.700012207031","","1000 tonnes"
"Australia","2011","14037","","1000 tonnes"
"Australia","2009","14035","","1000 tonnes"
"Australia","2000","13200","6","1000 tonnes"
"Australia","1992","12000","6","1000 tonnes"
"Austria","2014","4832.5","","1000 tonnes"
"Austria","2013","4905.2001953125","","1000 tonnes"
"Austria","2012","4883.2998046875","","1000 tonnes"
"Austria","2011","4806.89990234375","","1000 tonnes"
"Austria","2010","4700.7998046875","","1000 tonnes"
"Austria","2009","4921","","1000 tonnes"
"Austria","2008","4996.89990234375","","1000 tonnes"
"Austria","2007","4951.10009765625","","1000 tonnes"
"Austria","2006","4932.5","","1000 tonnes"
"Austria","2005","4731.7001953125","","1000 tonnes"
"Austria","2004","4686.7001953125","","1000 tonnes"
"Austria","2003","4607","","1000 tonnes"
"Austria","2002","4589","","1000 tonnes"
"Austria","2001","4309","","1000 tonnes"
"Austria","2000","4321","","1000 tonnes"
"Austria","1999","4171","","1000 tonnes"
"Austria","1998","3983","","1000 tonnes"
"Austria","1997","3977","","1000 tonnes"
"Austria","1996","3845","","1000 tonnes"
"Austria","1995","3476","","1000 tonnes"
"Austria","1994","3400","","1000 tonnes"
"Austria","1993","3341","","1000 tonnes"
"Austria","1992","3176","","1000 tonnes"
"Austria","1991","3126","","1000 tonnes"
"Austria","1990","3204","","1000 tonnes"
"Azerbaijan","2012","1647","","1000 tonnes"
"Azerbaijan","2011","1781","","1000 tonnes"
"Azerbaijan","2010","1609","","1000 tonnes"
"Azerbaijan","2009","1603","","1000 tonnes"
"Azerbaijan","2008","1478","","1000 tonnes"
"Azerbaijan","2007","1631","","1000 tonnes"
"Azerbaijan","2006","1573","","1000 tonnes"
"Azerbaijan","2005","1753","","1000 tonnes"
"Azerbaijan","2004","1784","","1000 tonnes"
"Azerbaijan","2003","1889","","1000 tonnes"
"Azerbaijan","2002","1854","","1000 tonnes"
"Azerbaijan","2001","1268","","1000 tonnes"
"Azerbaijan","2000","1104","","1000 tonnes"
"Bahamas","2006","227.167999267578","","1000 tonnes"
"Bahamas","2005","239.945999145508","","1000 tonnes"
"Bahamas","2004","168.861999511719","","1000 tonnes"
"Belarus","2012","3639.60009765625","","1000 tonnes"
"Belarus","2011","3623.19995117188","","1000 tonnes"
"Belarus","2010","3765.10009765625","","1000 tonnes"
"Belarus","2009","3614.5","","1000 tonnes"
"Belarus","2008","3410.5","","1000 tonnes"
"Belarus","2007","3220.39990234375","","1000 tonnes"
"Belarus","2006","3049.10009765625","","1000 tonnes"
"Belarus","2005","2811.5","","1000 tonnes"
"Belarus","2004","2661.30004882813","","1000 tonnes"
"Belarus","2003","2432","","1000 tonnes"
"Belarus","2002","2058.89990234375","","1000 tonnes"
"Belarus","2001","1933","","1000 tonnes"
"Belarus","2000","1957.40002441406","","1000 tonnes"
"Belarus","1995","1780.90002441406","","1000 tonnes"
"Belarus","1990","1970","","1000 tonnes"
"Belgium","2014","4886","","1000 tonnes"
"Belgium","2013","4892","","1000 tonnes"
"Belgium","2012","4970","","1000 tonnes"
"Belgium","2011","5035","","1000 tonnes"
"Belgium","2010","4973","","1000 tonnes"
"Belgium","2009","5037","","1000 tonnes"
"Belgium","2008","5134","","1000 tonnes"
"Belgium","2007","5243","","1000 tonnes"
"Belgium","2006","5115","","1000 tonnes"
"Belgium","2005","5052","","1000 tonnes"
"Belgium","2004","5059","","1000 tonnes"
"Belgium","2003","4824","","1000 tonnes"
"Belgium","2002","4981","","1000 tonnes"
"Belgium","2001","4802","","1000 tonnes"
"Belgium","2000","4830","","1000 tonnes"
"Belgium","1999","4702","","1000 tonnes"
"Belgium","1998","4603","","1000 tonnes"
"Belgium","1997","4650","","1000 tonnes"
"Belgium","1996","4567","","1000 tonnes"
"Belgium","1995","4613","","1000 tonnes"
"Belgium","1990","3436","","1000 tonnes"
"Belize","2000","69.3570022583008","","1000 tonnes"
"Belize","1997","38.0999984741211","","1000 tonnes"
"Bermuda","2012","82","","1000 tonnes"
"Bermuda","2011","81","","1000 tonnes"
"Bermuda","2010","90.5800018310547","","1000 tonnes"
"Bermuda","2009","90.4899978637695","","1000 tonnes"
"Bermuda","2008","94.5699996948242","","1000 tonnes"
"Bermuda","2007","95.3919982910156","","1000 tonnes"
"Bermuda","2006","94.3000030517578","","1000 tonnes"
"Bermuda","2005","93.3000030517578","","1000 tonnes"
"Bermuda","2004","99.3000030517578","","1000 tonnes"
"Bermuda","2003","98.4300003051758","","1000 tonnes"
"Bermuda","2002","94.379997253418","","1000 tonnes"
"Bermuda","2001","91.3000030517578","","1000 tonnes"
"Bhutan","2012","50.0516090393066","7","1000 tonnes"
"Bolivia (Plurinational State of)","2015","1396.89599609375","8","1000 tonnes"
"Bolivia (Plurinational State of)","2014","1303.99194335938","8","1000 tonnes"
"Bolivia (Plurinational State of)","2013","1231.14453125","9","1000 tonnes"
"Bolivia (Plurinational State of)","2012","1099.7158203125","10","1000 tonnes"
"Bolivia (Plurinational State of)","2011","1058.68115234375","10","1000 tonnes"
"Bolivia (Plurinational State of)","2010","1040.48425292969","10","1000 tonnes"
"Bolivia (Plurinational State of)","2009","995.944702148438","10","1000 tonnes"
"Bolivia (Plurinational State of)","2008","913.962707519531","10","1000 tonnes"
"Bolivia (Plurinational State of)","2007","887.813720703125","10","1000 tonnes"
"Bolivia (Plurinational State of)","2006","850.731018066406","10","1000 tonnes"
"Bolivia (Plurinational State of)","2005","785.653137207031","10","1000 tonnes"
"Bolivia (Plurinational State of)","2004","805.090576171875","10","1000 tonnes"
"Bolivia (Plurinational State of)","2003","809.167175292969","10","1000 tonnes"
"Bolivia (Plurinational State of)","2002","661.511657714844","11","1000 tonnes"
"Bolivia (Plurinational State of)","2001","685.73974609375","11","1000 tonnes"
"Bolivia (Plurinational State of)","2000","612.715026855469","11","1000 tonnes"
"Bolivia (Plurinational State of)","1999","508.820007324219","11","1000 tonnes"
"Bosnia and Herzegovina","2015","924.051025390625","","1000 tonnes"
"Bosnia and Herzegovina","2014","989.546020507813","","1000 tonnes"
"Bosnia and Herzegovina","2013","882.049011230469","","1000 tonnes"
"Bosnia and Herzegovina","2012","964.120971679688","","1000 tonnes"
"Bosnia and Herzegovina","2011","1027.00598144531","","1000 tonnes"
"Bosnia and Herzegovina","2010","1057.76794433594","","1000 tonnes"
"Bosnia and Herzegovina","2009","1260.06005859375","","1000 tonnes"
"Bosnia and Herzegovina","2008","1367.08996582031","","1000 tonnes"
"Brazil","2012","57900","","1000 tonnes"
"Brazil","2011","55300","","1000 tonnes"
"Brazil","2010","53000","","1000 tonnes"
"Brazil","2009","53000","","1000 tonnes"
"Brazil","2007","51432","","1000 tonnes"
"Brazil","2005","60142","","1000 tonnes"
"Brazil","2004","59214","","1000 tonnes"
"Brazil","2003","57587","","1000 tonnes"
"Brazil","2002","56524","","1000 tonnes"
"Brazil","2001","55677","","1000 tonnes"
"Brazil","2000","57563","","1000 tonnes"
"British Virgin Islands","2005","36.6969985961914","","1000 tonnes"
"British Virgin Islands","2004","33.0330009460449","","1000 tonnes"
"British Virgin Islands","2003","23.6299991607666","","1000 tonnes"
"British Virgin Islands","2002","24.9360008239746","","1000 tonnes"
"British Virgin Islands","2001","29.8600006103516","","1000 tonnes"
"British Virgin Islands","2000","28.5599994659424","","1000 tonnes"
"British Virgin Islands","1999","25.7000007629395","","1000 tonnes"
"British Virgin Islands","1995","11.1599998474121","","1000 tonnes"
"Brunei Darussalam","2002","196.251998901367","","1000 tonnes"
"Brunei Darussalam","2001","197.186004638672","","1000 tonnes"
"Brunei Darussalam","2000","191.753005981445","","1000 tonnes"
"Brunei Darussalam","1999","517.275024414063","","1000 tonnes"
"Brunei Darussalam","1998","212.412994384766","","1000 tonnes"
"Brunei Darussalam","1997","137.97200012207","","1000 tonnes"
"Brunei Darussalam","1990","62.568000793457","","1000 tonnes"
"Bulgaria","2014","3192","","1000 tonnes"
"Bulgaria","2013","3135","","1000 tonnes"
"Bulgaria","2012","3364","","1000 tonnes"
"Bulgaria","2011","3732","","1000 tonnes"
"Bulgaria","2010","4094","","1000 tonnes"
"Bulgaria","2009","4449","","1000 tonnes"
"Bulgaria","2008","4486","","1000 tonnes"
"Bulgaria","2007","4172","","1000 tonnes"
"Bulgaria","2006","4387","","1000 tonnes"
"Bulgaria","2005","4502","","1000 tonnes"
"Bulgaria","2004","4619","","1000 tonnes"
"Bulgaria","2003","4690","","1000 tonnes"
"Bulgaria","2002","4715","","1000 tonnes"
"Bulgaria","2001","4773","","1000 tonnes"
"Bulgaria","2000","4998","","1000 tonnes"
"Bulgaria","1999","4910","","1000 tonnes"
"Bulgaria","1998","4880","","1000 tonnes"
"Bulgaria","1997","4809","","1000 tonnes"
"Bulgaria","1996","5165","","1000 tonnes"
"Bulgaria","1995","5838","","1000 tonnes"
"Burkina Faso","2009","666.180969238281","12","1000 tonnes"
"Burkina Faso","2008","624.356689453125","12","1000 tonnes"
"Burkina Faso","2007","586.081176757813","12","1000 tonnes"
"Burkina Faso","2006","551.05419921875","12","1000 tonnes"
"Burkina Faso","2005","519.01220703125","12","1000 tonnes"
"Burkina Faso","2004","469.735992431641","12","1000 tonnes"
"Burkina Faso","2003","428.180358886719","12","1000 tonnes"
"Burkina Faso","2002","396.949554443359","12","1000 tonnes"
"Burkina Faso","2001","368.244720458984","12","1000 tonnes"
"Burkina Faso","2000","341.850860595703","12","1000 tonnes"
"Burkina Faso","1999","317.571807861328","12","1000 tonnes"
"Burkina Faso","1998","295.228546142578","12","1000 tonnes"
"Burkina Faso","1997","274.657562255859","12","1000 tonnes"
"Burkina Faso","1996","245.525390625","12","1000 tonnes"
"Burundi","2011","39","","1000 tonnes"
"Burundi","2010","7.19999980926514","","1000 tonnes"
"Burundi","2009","13.8000001907349","","1000 tonnes"
"Burundi","2008","15.6000003814697","","1000 tonnes"
"Burundi","2007","10.8000001907349","","1000 tonnes"
"Burundi","2006","13.8000001907349","","1000 tonnes"
"Burundi","2005","13.1999998092651","","1000 tonnes"
"Burundi","2004","18.2000007629395","","1000 tonnes"
"Burundi","2003","18.2000007629395","","1000 tonnes"
"Burundi","2002","22.8999996185303","","1000 tonnes"
"Burundi","2001","13.1000003814697","","1000 tonnes"
"Cabo Verde","2015","145.893997192383","13","1000 tonnes"
"Cabo Verde","2013","144.953399658203","","1000 tonnes"
"Cabo Verde","2012","147.928604125977","","1000 tonnes"
"Cabo Verde","2010","113.397003173828","14","1000 tonnes"
"Cabo Verde","2009","104.813003540039","14","1000 tonnes"
"Cabo Verde","2008","97.2750015258789","14","1000 tonnes"
"Cabo Verde","2007","90.2330017089844","14","1000 tonnes"
"Cabo Verde","2006","83.6490020751953","14","1000 tonnes"
"Cabo Verde","2005","77.4980010986328","14","1000 tonnes"
"Cabo Verde","2004","71.7529983520508","14","1000 tonnes"
"Cabo Verde","2003","66.3860015869141","","1000 tonnes"
"Cambodia","2012","461","","1000 tonnes"
"Cambodia","2011","408","","1000 tonnes"
"Cambodia","2010","383","","1000 tonnes"
"Cambodia","2009","355","","1000 tonnes"
"Cameroon","2009","7249.1767578125","","1000 tonnes"
"Cameroon","2008","6489.0791015625","","1000 tonnes"
"Cameroon","2007","3707.74096679688","","1000 tonnes"
"Cameroon","2006","3688.73291015625","","1000 tonnes"
"Chile","2011","6142.39990234375","15","1000 tonnes"
"Chile","2010","5935.7001953125","15","1000 tonnes"
"Chile","2009","5779.5","15","1000 tonnes"
"Chile","2008","5608","15","1000 tonnes"
"Chile","2007","5492.89990234375","15","1000 tonnes"
"Chile","2006","5310.89990234375","15","1000 tonnes"
"Chile","2005","5113.7001953125","15","1000 tonnes"
"Chile","2004","4964.10009765625","15","1000 tonnes"
"Chile","2003","4802.2998046875","15","1000 tonnes"
"Chile","2002","4647.10009765625","15","1000 tonnes"
"Chile","2001","4514.7001953125","15","1000 tonnes"
"Chile","2000","4520.2998046875","15","1000 tonnes"
"China","2012","170809","","1000 tonnes"
"China","2011","163953","","1000 tonnes"
"China","2010","158048","","1000 tonnes"
"China","2009","157340","","1000 tonnes"
"China","2008","154380","","1000 tonnes"
"China","2007","152150","","1000 tonnes"
"China","2006","148410","","1000 tonnes"
"China","2005","155770","","1000 tonnes"
"China","2004","155090","","1000 tonnes"
"China","2003","148570","","1000 tonnes"
"China","2002","136500","","1000 tonnes"
"China","2001","134700","","1000 tonnes"
"China","2000","118190","","1000 tonnes"
"China, Hong Kong Special Administrative Region","2009","6450","","1000 tonnes"
"China, Hong Kong Special Administrative Region","2008","6444","","1000 tonnes"
"China, Hong Kong Special Administrative Region","2007","6163","","1000 tonnes"
"China, Hong Kong Special Administrative Region","2006","6228","","1000 tonnes"
"China, Hong Kong Special Administrative Region","2005","6013","","1000 tonnes"
"China, Hong Kong Special Administrative Region","2004","5709","","1000 tonnes"
"China, Hong Kong Special Administrative Region","2003","5826","","1000 tonnes"
"China, Hong Kong Special Administrative Region","2002","5399","","1000 tonnes"
"China, Hong Kong Special Administrative Region","2001","5335","","1000 tonnes"
"China, Hong Kong Special Administrative Region","2000","5177","","1000 tonnes"
"China, Hong Kong Special Administrative Region","1999","4924","","1000 tonnes"
"China, Hong Kong Special Administrative Region","1998","4747","","1000 tonnes"
"China, Hong Kong Special Administrative Region","1997","4708","","1000 tonnes"
"China, Hong Kong Special Administrative Region","1996","4615","","1000 tonnes"
"China, Hong Kong Special Administrative Region","1995","4843","","1000 tonnes"
"China, Hong Kong Special Administrative Region","1990","3810","","1000 tonnes"
"China, Macao Special Administrative Region","2009","325.339996337891","16","1000 tonnes"
"China, Macao Special Administrative Region","2008","299.190002441406","16","1000 tonnes"
"China, Macao Special Administrative Region","2007","289.420013427734","16","1000 tonnes"
"China, Macao Special Administrative Region","2006","287.450012207031","16","1000 tonnes"
"China, Macao Special Administrative Region","2005","279.959991455078","16","1000 tonnes"
"China, Macao Special Administrative Region","2004","257.339996337891","16","1000 tonnes"
"China, Macao Special Administrative Region","2003","250.139999389648","16","1000 tonnes"
"China, Macao Special Administrative Region","2002","244.800003051758","16","1000 tonnes"
"China, Macao Special Administrative Region","2001","233.809997558594","16","1000 tonnes"
"China, Macao Special Administrative Region","2000","230.460006713867","16","1000 tonnes"
"China, Macao Special Administrative Region","1999","225.050003051758","16","1000 tonnes"
"China, Macao Special Administrative Region","1998","221.589996337891","16","1000 tonnes"
"China, Macao Special Administrative Region","1997","217.100006103516","16","1000 tonnes"
"China, Macao Special Administrative Region","1996","198.399993896484","16","1000 tonnes"
"China, Macao Special Administrative Region","1995","185.970001220703","16","1000 tonnes"
"China, Macao Special Administrative Region","1990","84.3499984741211","16","1000 tonnes"
"Colombia","2011","8996.115234375","","1000 tonnes"
"Colombia","2010","9686.0078125","","1000 tonnes"
"Colombia","2009","8980.2021484375","","1000 tonnes"
"Colombia","2008","10661.3701171875","","1000 tonnes"
"Colombia","2007","9191.974609375","","1000 tonnes"
"Colombia","2006","7580.462890625","","1000 tonnes"
"Colombia","2005","7567.0517578125","","1000 tonnes"
"Colombia","2004","6128.48193359375","","1000 tonnes"
"Colombia","2003","5288.7939453125","","1000 tonnes"
"Costa Rica","2002","1280","","1000 tonnes"
"Croatia","2014","1637","","1000 tonnes"
"Croatia","2013","1721","","1000 tonnes"
"Croatia","2012","1670","","1000 tonnes"
"Croatia","2011","1645","","1000 tonnes"
"Croatia","2010","1630","","1000 tonnes"
"Croatia","2009","1743","","1000 tonnes"
"Croatia","2008","1788","","1000 tonnes"
"Croatia","2007","1719","","1000 tonnes"
"Croatia","2006","1654","","1000 tonnes"
"Croatia","2005","1449","17","1000 tonnes"
"Croatia","2004","1311","17","1000 tonnes"
"Croatia","2000","1173","17","1000 tonnes"
"Croatia","1997","1015","17","1000 tonnes"
"Croatia","1995","987.5419921875","","1000 tonnes"
"Cuba","2012","5331.2998046875","","1000 tonnes"
"Cuba","2011","4227.7998046875","","1000 tonnes"
"Cuba","2010","4627.5","","1000 tonnes"
"Cuba","2009","4574.39990234375","","1000 tonnes"
"Cuba","2008","5161.10009765625","","1000 tonnes"
"Cuba","2007","4360.10009765625","","1000 tonnes"
"Cuba","2006","4230.2001953125","","1000 tonnes"
"Cuba","2005","4450.60009765625","","1000 tonnes"
"Cuba","2004","4128.7001953125","","1000 tonnes"
"Cuba","2003","4088.10009765625","","1000 tonnes"
"Cuba","2002","3905","","1000 tonnes"
"Cuba","2001","3739.89990234375","","1000 tonnes"
"Cuba","2000","3420","","1000 tonnes"
"Cuba","1999","3250","","1000 tonnes"
"Cyprus","2014","526","17","1000 tonnes"
"Cyprus","2013","533","","1000 tonnes"
"Cyprus","2012","568","","1000 tonnes"
"Cyprus","2011","572","","1000 tonnes"
"Cyprus","2010","571","","1000 tonnes"
"Cyprus","2009","589","","1000 tonnes"
"Cyprus","2008","573","","1000 tonnes"
"Cyprus","2007","540","","1000 tonnes"
"Cyprus","2006","521","","1000 tonnes"
"Cyprus","2005","508","","1000 tonnes"
"Cyprus","2004","498","","1000 tonnes"
"Cyprus","2003","481","","1000 tonnes"
"Cyprus","2002","465","","1000 tonnes"
"Cyprus","2001","456","","1000 tonnes"
"Cyprus","2000","436","","1000 tonnes"
"Cyprus","1999","426","","1000 tonnes"
"Cyprus","1998","418","","1000 tonnes"
"Cyprus","1997","411","","1000 tonnes"
"Cyprus","1996","400","","1000 tonnes"
"Cyprus","1995","387","","1000 tonnes"
"Czechia","2014","3260.580078125","","1000 tonnes"
"Czechia","2013","3228.22998046875","","1000 tonnes"
"Czechia","2012","3233","","1000 tonnes"
"Czechia","2011","3358","","1000 tonnes"
"Czechia","2010","3334","","1000 tonnes"
"Czechia","2009","3310","","1000 tonnes"
"Czechia","2008","3176","","1000 tonnes"
"Czechia","2007","3025","","1000 tonnes"
"Czechia","2006","3039","","1000 tonnes"
"Czechia","2005","2954","","1000 tonnes"
"Czechia","2004","2841","","1000 tonnes"
"Czechia","2003","2857","","1000 tonnes"
"Czechia","2002","2845","","1000 tonnes"
"Czechia","2001","2798","","1000 tonnes"
"Czechia","2000","3434","","1000 tonnes"
"Czechia","1999","3365","","1000 tonnes"
"Czechia","1998","3017","","1000 tonnes"
"Czechia","1997","3280","","1000 tonnes"
"Czechia","1996","3200","","1000 tonnes"
"Czechia","1995","3120","","1000 tonnes"
"Czechia","1994","2489.80004882813","6","1000 tonnes"
"Denmark","2014","4279","","1000 tonnes"
"Denmark","2013","4223","","1000 tonnes"
"Denmark","2012","4196","","1000 tonnes"
"Denmark","2011","4349","18","1000 tonnes"
"Denmark","2010","3732","","1000 tonnes"
"Denmark","2009","3827","","1000 tonnes"
"Denmark","2008","4072","","1000 tonnes"
"Denmark","2007","3860","","1000 tonnes"
"Denmark","2006","3620","","1000 tonnes"
"Denmark","2005","3586","","1000 tonnes"
"Denmark","2004","3353","","1000 tonnes"
"Denmark","2003","3221","","1000 tonnes"
"Denmark","2002","3313","","1000 tonnes"
"Denmark","2001","3249","","1000 tonnes"
"Denmark","2000","3257","","1000 tonnes"
"Denmark","1999","3070","","1000 tonnes"
"Denmark","1998","2892","","1000 tonnes"
"Denmark","1997","2870","","1000 tonnes"
"Denmark","1996","3037","","1000 tonnes"
"Denmark","1995","2725","18","1000 tonnes"
"Denmark","1994","2802.60009765625","","1000 tonnes"
"Dominica","2005","20.9060001373291","","1000 tonnes"
"Dominica","2004","20.9060001373291","","1000 tonnes"
"Dominica","2003","20.9060001373291","","1000 tonnes"
"Dominica","2002","20.9060001373291","","1000 tonnes"
"Dominica","2001","20.9060001373291","","1000 tonnes"
"Ecuador","2012","2755.53491210938","","1000 tonnes"
"Ecuador","2011","4033.0458984375","","1000 tonnes"
"Egypt","2012","94868","","1000 tonnes"
"Egypt","2010","29209","","1000 tonnes"
"Egypt","2009","35635","","1000 tonnes"
"Egypt","2008","29306.099609375","","1000 tonnes"
"Estonia","2014","469.549987792969","18","1000 tonnes"
"Estonia","2013","386.290008544922","15","1000 tonnes"
"Estonia","2012","371","15","1000 tonnes"
"Estonia","2011","399","15","1000 tonnes"
"Estonia","2010","406","15","1000 tonnes"
"Estonia","2009","452","15","1000 tonnes"
"Estonia","2008","524","15","1000 tonnes"
"Estonia","2007","602","15","1000 tonnes"
"Estonia","2006","536","15","1000 tonnes"
"Estonia","2005","587.190002441406","15","1000 tonnes"
"Estonia","2004","606.200012207031","","1000 tonnes"
"Estonia","2003","566.799987792969","","1000 tonnes"
"Estonia","2002","553.239990234375","","1000 tonnes"
"Estonia","2001","508.529998779297","18","1000 tonnes"
"Estonia","2000","633","18","1000 tonnes"
"Estonia","1999","569","","1000 tonnes"
"Estonia","1998","557","","1000 tonnes"
"Estonia","1997","593","","1000 tonnes"
"Estonia","1996","565","","1000 tonnes"
"Estonia","1995","533","","1000 tonnes"
"Finland","2014","2629.8798828125","","1000 tonnes"
"Finland","2013","2681.55004882813","","1000 tonnes"
"Finland","2012","2738","","1000 tonnes"
"Finland","2011","2719","","1000 tonnes"
"Finland","2010","2519","","1000 tonnes"
"Finland","2009","2562","","1000 tonnes"
"Finland","2008","2768","","1000 tonnes"
"Finland","2007","2674.89990234375","","1000 tonnes"
"Finland","2006","2600.10009765625","","1000 tonnes"
"Finland","2005","2505.80004882813","","1000 tonnes"
"Finland","2004","2453.39990234375","","1000 tonnes"
"Finland","2003","2427.89990234375","","1000 tonnes"
"Finland","2002","2384.39990234375","","1000 tonnes"
"Finland","2001","2412","","1000 tonnes"
"Finland","2000","2600","","1000 tonnes"
"Finland","1999","2500","","1000 tonnes"
"Finland","1998","2400","","1000 tonnes"
"Finland","1997","2300","","1000 tonnes"
"Finland","1996","2100","","1000 tonnes"
"Finland","1995","2108.60009765625","","1000 tonnes"
"Finland","1994","2100","","1000 tonnes"
"France","2014","33703","","1000 tonnes"
"France","2013","33996","","1000 tonnes"
"France","2012","34198","","1000 tonnes"
"France","2011","35019","","1000 tonnes"
"France","2010","34535","","1000 tonnes"
"France","2009","34504","","1000 tonnes"
"France","2008","34714","","1000 tonnes"
"France","2007","34630","","1000 tonnes"
"France","2006","33990","","1000 tonnes"
"France","2005","33366","","1000 tonnes"
"France","2004","32444","","1000 tonnes"
"France","2003","31400","","1000 tonnes"
"France","2002","32684","","1000 tonnes"
"France","2001","32198","","1000 tonnes"
"France","2000","31232","","1000 tonnes"
"France","1999","30612","","1000 tonnes"
"France","1998","30449","","1000 tonnes"
"France","1997","29677","","1000 tonnes"
"France","1996","28950","","1000 tonnes"
"France","1995","28253","","1000 tonnes"
"France","1993","27757","","1000 tonnes"
"France","1992","27000","","1000 tonnes"
"French Guiana","2013","69.5999984741211","","1000 tonnes"
"French Guiana","2011","111.300003051758","","1000 tonnes"
"French Guiana","2009","93.4000015258789","","1000 tonnes"
"French Guiana","2007","79.3000030517578","","1000 tonnes"
"French Guiana","2005","101.199996948242","","1000 tonnes"
"French Guiana","1999","65.0999984741211","","1000 tonnes"
"French Guiana","1998","68.3000030517578","","1000 tonnes"
"French Guiana","1997","82.9000015258789","","1000 tonnes"
"French Guiana","1996","36.0999984741211","","1000 tonnes"
"French Polynesia","2013","124.710998535156","","1000 tonnes"
"Georgia","2009","880","","1000 tonnes"
"Georgia","2008","875","","1000 tonnes"
"Georgia","2007","855","","1000 tonnes"
"Germany","2014","50064","","1000 tonnes"
"Germany","2013","49570","","1000 tonnes"
"Germany","2012","49759","","1000 tonnes"
"Germany","2011","50237","","1000 tonnes"
"Germany","2010","49237","","1000 tonnes"
"Germany","2009","48466","","1000 tonnes"
"Germany","2008","48367","","1000 tonnes"
"Germany","2007","47887","","1000 tonnes"
"Germany","2006","46426","","1000 tonnes"
"Germany","2005","46555","","1000 tonnes"
"Germany","2004","48434","","1000 tonnes"
"Germany","2003","49622","","1000 tonnes"
"Germany","2002","52772","","1000 tonnes"
"Germany","2001","52075","6","1000 tonnes"
"Germany","2000","52810","6","1000 tonnes"
"Germany","1999","52373","6","1000 tonnes"
"Germany","1998","53058","6","1000 tonnes"
"Germany","1997","53966","6","1000 tonnes"
"Germany","1996","52544","6","1000 tonnes"
"Germany","1995","50893.8984375","6","1000 tonnes"
"Germany","1990","49857","6","1000 tonnes"
"Greece","2012","5585","","1000 tonnes"
"Greece","2011","5586","","1000 tonnes"
"Greece","2010","5917","18","1000 tonnes"
"Greece","2009","5154","","1000 tonnes"
"Greece","2008","5077","","1000 tonnes"
"Greece","2007","5001.60009765625","","1000 tonnes"
"Greece","2006","4927.10009765625","","1000 tonnes"
"Greece","2005","4853","","1000 tonnes"
"Greece","2004","4781.5","","1000 tonnes"
"Greece","2003","4710.2998046875","","1000 tonnes"
"Greece","2002","4640.10009765625","","1000 tonnes"
"Greece","2001","4559","","1000 tonnes"
"Greece","2000","4447","","1000 tonnes"
"Greece","1999","4264","","1000 tonnes"
"Greece","1998","4082","","1000 tonnes"
"Greece","1997","3900","","1000 tonnes"
"Greece","1996","3600","","1000 tonnes"
"Greece","1995","3200","","1000 tonnes"
"Greece","1992","3200","","1000 tonnes"
"Greece","1990","3000","","1000 tonnes"
"Guadeloupe","2013","262.299987792969","","1000 tonnes"
"Guadeloupe","2011","236.699996948242","","1000 tonnes"
"Guadeloupe","2009","205.100006103516","","1000 tonnes"
"Guadeloupe","2007","273.5","","1000 tonnes"
"Guadeloupe","2005","181.100006103516","","1000 tonnes"
"Guadeloupe","1999","216.699996948242","","1000 tonnes"
"Honduras","2013","670.222229003906","","1000 tonnes"
"Honduras","2010","940.750427246094","","1000 tonnes"
"Honduras","1990","378.178314208984","","1000 tonnes"
"Hungary","2014","3795","","1000 tonnes"
"Hungary","2013","3738","","1000 tonnes"
"Hungary","2012","3988","","1000 tonnes"
"Hungary","2011","3809","","1000 tonnes"
"Hungary","2010","4033","","1000 tonnes"
"Hungary","2009","4312","","1000 tonnes"
"Hungary","2008","4553","","1000 tonnes"
"Hungary","2007","4593.5","","1000 tonnes"
"Hungary","2006","4711","","1000 tonnes"
"Hungary","2005","4646","","1000 tonnes"
"Hungary","2004","4591.60009765625","","1000 tonnes"
"Hungary","2003","4700","","1000 tonnes"
"Hungary","2002","4646","","1000 tonnes"
"Hungary","2001","4603","","1000 tonnes"
"Hungary","2000","4552","18","1000 tonnes"
"Hungary","1999","4943","","1000 tonnes"
"Hungary","1998","4976","","1000 tonnes"
"Hungary","1997","5016","","1000 tonnes"
"Hungary","1996","4834","","1000 tonnes"
"Hungary","1995","4752","","1000 tonnes"
"Hungary","1990","5500","","1000 tonnes"
"Iceland","2013","111.680000305176","","1000 tonnes"
"Iceland","2012","108.319999694824","","1000 tonnes"
"Iceland","2011","101.98999786377","","1000 tonnes"
"Iceland","2010","97.2799987792969","","1000 tonnes"
"Iceland","2009","113.089996337891","","1000 tonnes"
"Iceland","2008","157.169998168945","","1000 tonnes"
"Iceland","2007","174","","1000 tonnes"
"Iceland","2006","171","","1000 tonnes"
"Iceland","2005","153","","1000 tonnes"
"Iceland","2004","147","","1000 tonnes"
"Iceland","2003","140","","1000 tonnes"
"Iceland","2002","137","","1000 tonnes"
"Iceland","2001","133","","1000 tonnes"
"Iceland","2000","130","","1000 tonnes"
"Iceland","1999","126","","1000 tonnes"
"Iceland","1998","123","","1000 tonnes"
"Iceland","1997","120","","1000 tonnes"
"Iceland","1996","117","","1000 tonnes"
"Iceland","1995","114","","1000 tonnes"
"Indonesia","2015","6026.7978515625","20,19","1000 tonnes"
"Indonesia","2014","5842.42822265625","20,19","1000 tonnes"
"Indonesia","2013","6002.82958984375","20,19","1000 tonnes"
"Indonesia","2012","7650.38916015625","20,19","1000 tonnes"
"Indonesia","2011","7742.3427734375","20,19","1000 tonnes"
"Indonesia","2010","7245.24609375","20,19","1000 tonnes"
"Indonesia","2009","6866.197265625","20,19","1000 tonnes"
"Indonesia","2007","7576.77197265625","20,19","1000 tonnes"
"Indonesia","2006","5256.5205078125","20,19","1000 tonnes"
"Indonesia","2005","5874.68115234375","20,19","1000 tonnes"
"Indonesia","2004","6044.44970703125","20,19","1000 tonnes"
"Indonesia","2003","5470.7880859375","20,19","1000 tonnes"
"Indonesia","2002","4859.60986328125","20,19","1000 tonnes"
"Indonesia","2001","4726.107421875","20,19","1000 tonnes"
"Indonesia","2000","4778.8427734375","20,19","1000 tonnes"
"Indonesia","1999","4609.42431640625","20,19","1000 tonnes"
"Indonesia","1998","4345.13525390625","20,19","1000 tonnes"
"Indonesia","1997","4835.25732421875","20,19","1000 tonnes"
"Indonesia","1996","4997.14208984375","20,19","1000 tonnes"
"Indonesia","1995","4647.267578125","20,19","1000 tonnes"
"Indonesia","1990","2477.15283203125","20,19","1000 tonnes"
"Iraq","2015","14349","","1000 tonnes"
"Iraq","2014","12301","","1000 tonnes"
"Iraq","2013","12778","","1000 tonnes"
"Iraq","2012","13113","","1000 tonnes"
"Iraq","2011","13236","","1000 tonnes"
"Iraq","2010","17551","","1000 tonnes"
"Iraq","2005","5446","","1000 tonnes"
"Ireland","2012","2692.5","","1000 tonnes"
"Ireland","2011","2823","","1000 tonnes"
"Ireland","2010","2846","","1000 tonnes"
"Ireland","2009","2952.97998046875","","1000 tonnes"
"Ireland","2008","3224.28002929688","","1000 tonnes"
"Ireland","2007","3397.69995117188","","1000 tonnes"
"Ireland","2006","3384.60009765625","","1000 tonnes"
"Ireland","2005","3040.69995117188","","1000 tonnes"
"Ireland","2004","3000.60009765625","","1000 tonnes"
"Ireland","2003","2917.89990234375","18","1000 tonnes"
"Ireland","2002","2720.39990234375","","1000 tonnes"
"Ireland","2001","2704","","1000 tonnes"
"Ireland","2000","2278.69995117188","","1000 tonnes"
"Ireland","1999","2168","","1000 tonnes"
"Ireland","1998","2056.69995117188","","1000 tonnes"
"Ireland","1997","2000","","1000 tonnes"
"Ireland","1996","1898","","1000 tonnes"
"Ireland","1995","1848.19995117188","","1000 tonnes"
"Israel","2014","5033.60009765625","","1000 tonnes"
"Israel","2013","4906.60009765625","","1000 tonnes"
"Israel","2012","4837.39990234375","","1000 tonnes"
"Israel","2011","4745.7998046875","","1000 tonnes"
"Israel","2010","4623.18017578125","","1000 tonnes"
"Israel","2009","4550.7998046875","","1000 tonnes"
"Israel","2008","4434","","1000 tonnes"
"Israel","2007","4304","","1000 tonnes"
"Israel","2006","4227","","1000 tonnes"
"Israel","2005","4086","","1000 tonnes"
"Israel","2004","3978","","1000 tonnes"
"Israel","2003","3846.93896484375","","1000 tonnes"
"Israel","2002","3855.36401367188","","1000 tonnes"
"Israel","2001","3590.48095703125","","1000 tonnes"
"Israel","2000","3967.580078125","","1000 tonnes"
"Israel","1999","3725.86791992188","","1000 tonnes"
"Israel","1998","4108.498046875","","1000 tonnes"
"Israel","1997","4112.85693359375","","1000 tonnes"
"Israel","1996","3962.89501953125","","1000 tonnes"
"Italy","2014","29655","","1000 tonnes"
"Italy","2013","29573","","1000 tonnes"
"Italy","2012","29994","","1000 tonnes"
"Italy","2011","31386","","1000 tonnes"
"Italy","2010","32440","","1000 tonnes"
"Italy","2009","32107","","1000 tonnes"
"Italy","2008","32461","","1000 tonnes"
"Italy","2007","32536","","1000 tonnes"
"Italy","2006","32516","","1000 tonnes"
"Italy","2005","31668","","1000 tonnes"
"Italy","2004","31149.599609375","","1000 tonnes"
"Italy","2003","30035","","1000 tonnes"
"Italy","2002","29863.69921875","","1000 tonnes"
"Italy","2001","29408.900390625","","1000 tonnes"
"Italy","2000","28958.5","","1000 tonnes"
"Italy","1999","28363.900390625","","1000 tonnes"
"Italy","1998","26845.69921875","","1000 tonnes"
"Italy","1997","26605","","1000 tonnes"
"Italy","1996","25960","","1000 tonnes"
"Italy","1995","25780","","1000 tonnes"
"Italy","1993","26100","","1000 tonnes"
"Italy","1991","23200","18","1000 tonnes"
"Italy","1990","20000","","1000 tonnes"
"Jamaica","2006","1464","","1000 tonnes"
"Jamaica","2005","970","","1000 tonnes"
"Jamaica","2004","965","","1000 tonnes"
"Jamaica","2003","962","","1000 tonnes"
"Jamaica","2002","955","","1000 tonnes"
"Jamaica","2001","953","","1000 tonnes"
"Jamaica","1999","945","","1000 tonnes"
"Japan","2013","44874","","1000 tonnes"
"Japan","2012","45234","","1000 tonnes"
"Japan","2011","45430","","1000 tonnes"
"Japan","2010","45359","","1000 tonnes"
"Japan","2009","46252","","1000 tonnes"
"Japan","2008","48106","","1000 tonnes"
"Japan","2007","50816","","1000 tonnes"
"Japan","2006","52024","","1000 tonnes"
"Japan","2005","52720","","1000 tonnes"
"Japan","2004","53376","","1000 tonnes"
"Japan","2003","54271","","1000 tonnes"
"Japan","2002","54199","","1000 tonnes"
"Japan","2001","54681","","1000 tonnes"
"Japan","2000","54833","","1000 tonnes"
"Japan","1999","53699","","1000 tonnes"
"Japan","1998","53605","","1000 tonnes"
"Japan","1997","53098","","1000 tonnes"
"Japan","1996","52908","","1000 tonnes"
"Japan","1995","52224","","1000 tonnes"
"Japan","1994","51800","","1000 tonnes"
"Japan","1993","51267.8984375","","1000 tonnes"
"Japan","1992","50902.94140625","","1000 tonnes"
"Japan","1991","51132","","1000 tonnes"
"Japan","1990","50256.625","","1000 tonnes"
"Jordan","2012","2242.96704101563","","1000 tonnes"
"Jordan","2011","2024.83203125","","1000 tonnes"
"Jordan","2010","2069.11108398438","","1000 tonnes"
"Jordan","2008","3863.8720703125","","1000 tonnes"
"Jordan","2006","2309.5","","1000 tonnes"
"Jordan","2005","2358.89990234375","","1000 tonnes"
"Kazakhstan","2009","3928.30004882813","","1000 tonnes"
"Kazakhstan","2008","3411.89990234375","","1000 tonnes"
"Kazakhstan","2007","3351.80004882813","","1000 tonnes"
"Kazakhstan","2006","2401.19995117188","","1000 tonnes"
"Kazakhstan","2005","2091.89990234375","","1000 tonnes"
"Kuwait","2012","10422","","1000 tonnes"
"Kuwait","2011","11248","","1000 tonnes"
"Kuwait","2010","9185","","1000 tonnes"
"Kuwait","2009","8382","","1000 tonnes"
"Kuwait","2008","9070","","1000 tonnes"
"Kuwait","2007","8947","","1000 tonnes"
"Kuwait","2006","10203","","1000 tonnes"
"Kuwait","2005","5948","","1000 tonnes"
"Kuwait","2004","5417","","1000 tonnes"
"Kuwait","2003","5070","","1000 tonnes"
"Kuwait","2002","6076","","1000 tonnes"
"Kuwait","2001","5272","","1000 tonnes"
"Kuwait","2000","4204","","1000 tonnes"
"Kyrgyzstan","2012","980.362182617188","","1000 tonnes"
"Kyrgyzstan","2011","1173.77075195313","","1000 tonnes"
"Kyrgyzstan","2010","1114.66259765625","","1000 tonnes"
"Kyrgyzstan","2009","6641.89990234375","21,22","1000 tonnes"
"Kyrgyzstan","2008","2521.39990234375","21,22","1000 tonnes"
"Kyrgyzstan","2007","1658.59997558594","21","1000 tonnes"
"Kyrgyzstan","2006","1544.5","21","1000 tonnes"
"Kyrgyzstan","2005","1383.69995117188","21","1000 tonnes"
"Kyrgyzstan","2004","1602","21","1000 tonnes"
"Kyrgyzstan","2003","1242","21","1000 tonnes"
"Kyrgyzstan","2002","1272","21","1000 tonnes"
"Kyrgyzstan","2001","1377","21","1000 tonnes"
"Kyrgyzstan","2000","1302","21","1000 tonnes"
"Kyrgyzstan","1999","1313","21","1000 tonnes"
"Kyrgyzstan","1998","1194","21","1000 tonnes"
"Kyrgyzstan","1997","1512","21","1000 tonnes"
"Kyrgyzstan","1996","1319","21","1000 tonnes"
"Kyrgyzstan","1995","1512","21","1000 tonnes"
"Kyrgyzstan","1990","2753","21","1000 tonnes"
"Latvia","2014","648","","1000 tonnes"
"Latvia","2013","627","","1000 tonnes"
"Latvia","2012","612.539978027344","","1000 tonnes"
"Latvia","2011","720.640014648438","","1000 tonnes"
"Latvia","2010","680.099975585938","","1000 tonnes"
"Latvia","2009","752.960021972656","","1000 tonnes"
"Latvia","2008","751.919982910156","","1000 tonnes"
"Latvia","2007","860.919982910156","","1000 tonnes"
"Latvia","2006","760","","1000 tonnes"
"Latvia","2005","716","","1000 tonnes"
"Latvia","2004","720.380004882813","","1000 tonnes"
"Latvia","2003","695","","1000 tonnes"
"Latvia","2002","793","","1000 tonnes"
"Latvia","2001","713","","1000 tonnes"
"Latvia","2000","642","23","1000 tonnes"
"Latvia","1999","613","23","1000 tonnes"
"Latvia","1998","597","23","1000 tonnes"
"Latvia","1997","621","23","1000 tonnes"
"Latvia","1996","650","23","1000 tonnes"
"Latvia","1995","657","23","1000 tonnes"
"Lebanon","2012","1940","","1000 tonnes"
"Lebanon","2009","1720","","1000 tonnes"
"Lebanon","2004","1580","","1000 tonnes"
"Lebanon","2001","1438","","1000 tonnes"
"Liechtenstein","2015","32.3819732666016","","1000 tonnes"
"Liechtenstein","2014","31.3624668121338","","1000 tonnes"
"Liechtenstein","2013","33.2811584472656","","1000 tonnes"
"Liechtenstein","2012","35.1367988586426","","1000 tonnes"
"Liechtenstein","2011","35.8959274291992","","1000 tonnes"
"Liechtenstein","2010","32.799243927002","","1000 tonnes"
"Liechtenstein","2009","35.4478187561035","","1000 tonnes"
"Liechtenstein","2008","37.9457626342773","","1000 tonnes"
"Liechtenstein","2007","39.9070358276367","","1000 tonnes"
"Liechtenstein","2006","38.9102668762207","","1000 tonnes"
"Liechtenstein","2005","40.0620727539063","","1000 tonnes"
"Liechtenstein","2004","36.2127685546875","","1000 tonnes"
"Liechtenstein","2003","36.7979583740234","","1000 tonnes"
"Liechtenstein","2002","36.0828399658203","","1000 tonnes"
"Liechtenstein","2001","35.3112411499023","","1000 tonnes"
"Liechtenstein","2000","36.445671081543","","1000 tonnes"
"Liechtenstein","1999","32.270881652832","","1000 tonnes"
"Liechtenstein","1998","26.3361721038818","","1000 tonnes"
"Liechtenstein","1997","25.5454578399658","","1000 tonnes"
"Liechtenstein","1996","24.9395217895508","","1000 tonnes"
"Liechtenstein","1995","24.4142303466797","","1000 tonnes"
"Liechtenstein","1990","25.9858016967773","","1000 tonnes"
"Lithuania","2014","1270","","1000 tonnes"
"Lithuania","2013","1280","","1000 tonnes"
"Lithuania","2012","1330","","1000 tonnes"
"Lithuania","2011","1339","","1000 tonnes"
"Lithuania","2010","1253","","1000 tonnes"
"Lithuania","2009","1206","","1000 tonnes"
"Lithuania","2008","1369","","1000 tonnes"
"Lithuania","2007","1354","","1000 tonnes"
"Lithuania","2006","1326","","1000 tonnes"
"Lithuania","2005","1287","","1000 tonnes"
"Lithuania","2004","1260","","1000 tonnes"
"Lithuania","2003","1328","","1000 tonnes"
"Lithuania","2002","1395","","1000 tonnes"
"Lithuania","2001","1313","","1000 tonnes"
"Lithuania","2000","1276","","1000 tonnes"
"Lithuania","1999","1236","","1000 tonnes"
"Lithuania","1998","1578","","1000 tonnes"
"Lithuania","1997","1510","","1000 tonnes"
"Lithuania","1996","1445","","1000 tonnes"
"Lithuania","1995","1546","","1000 tonnes"
"Luxembourg","2014","342.510009765625","","1000 tonnes"
"Luxembourg","2013","334.720001220703","","1000 tonnes"
"Luxembourg","2012","346.089996337891","","1000 tonnes"
"Luxembourg","2011","345.329986572266","","1000 tonnes"
"Luxembourg","2010","344.260009765625","","1000 tonnes"
"Luxembourg","2009","338.140014648438","","1000 tonnes"
"Luxembourg","2008","340.690002441406","","1000 tonnes"
"Luxembourg","2007","333.369995117188","","1000 tonnes"
"Luxembourg","2006","322.649993896484","","1000 tonnes"
"Luxembourg","2005","312.760009765625","","1000 tonnes"
"Luxembourg","2004","310.890014648438","","1000 tonnes"
"Luxembourg","2003","306.429992675781","","1000 tonnes"
"Luxembourg","2002","291.290008544922","","1000 tonnes"
"Luxembourg","2001","285.209991455078","","1000 tonnes"
"Luxembourg","2000","285.260009765625","","1000 tonnes"
"Luxembourg","1999","277.890014648438","","1000 tonnes"
"Luxembourg","1998","265.589996337891","","1000 tonnes"
"Luxembourg","1997","253.190002441406","","1000 tonnes"
"Luxembourg","1996","242.300003051758","","1000 tonnes"
"Luxembourg","1995","240.039993286133","","1000 tonnes"
"Luxembourg","1994","196.100006103516","18","1000 tonnes"
"Luxembourg","1993","200.979995727539","","1000 tonnes"
"Luxembourg","1992","195.520004272461","","1000 tonnes"
"Luxembourg","1991","216.800003051758","","1000 tonnes"
"Luxembourg","1990","223.600006103516","","1000 tonnes"
"Madagascar","2007","419.385009765625","","1000 tonnes"
"Madagascar","2004","341.299987792969","24","1000 tonnes"
"Malaysia","2015","14075.611328125","25","1000 tonnes"
"Malaysia","2014","13380.8271484375","25","1000 tonnes"
"Malaysia","2013","12720.3369140625","25","1000 tonnes"
"Malaysia","2012","12092.4501953125","25","1000 tonnes"
"Malaysia","2011","11464.5625","25","1000 tonnes"
"Malaysia","2010","10869.2783203125","25","1000 tonnes"
"Malaysia","2009","10304.90234375","25","1000 tonnes"
"Malaysia","2008","9769.83203125","25","1000 tonnes"
"Malaysia","2007","9262.5439453125","25","1000 tonnes"
"Malaysia","2006","8781.5966796875","25","1000 tonnes"
"Malaysia","2005","8325.6220703125","25","1000 tonnes"
"Malaysia","2004","7893.3232421875","25","1000 tonnes"
"Malaysia","2003","7483.470703125","25","1000 tonnes"
"Malaysia","2002","7094.89990234375","25","1000 tonnes"
"Malaysia","2001","6726.5048828125","25","1000 tonnes"
"Malaysia","2000","6377.23876953125","25","1000 tonnes"
"Maldives","2012","210.72200012207","","1000 tonnes"
"Maldives","2011","210.365997314453","","1000 tonnes"
"Maldives","2010","222.479995727539","","1000 tonnes"
"Maldives","2009","231.858993530273","","1000 tonnes"
"Maldives","2008","231.955001831055","","1000 tonnes"
"Maldives","2007","228.408004760742","","1000 tonnes"
"Maldives","2006","224.341995239258","","1000 tonnes"
"Maldives","2005","113.903999328613","","1000 tonnes"
"Maldives","2004","109.476997375488","","1000 tonnes"
"Maldives","2003","96.0210037231445","","1000 tonnes"
"Maldives","2002","136.143997192383","","1000 tonnes"
"Maldives","2001","10.4399995803833","","1000 tonnes"
"Maldives","2000","9.57999992370605","","1000 tonnes"
"Maldives","1999","8.94999980926514","","1000 tonnes"
"Maldives","1995","6.53000020980835","","1000 tonnes"
"Maldives","1990","5.76000022888184","","1000 tonnes"
"Malta","2014","256","","1000 tonnes"
"Malta","2013","246","","1000 tonnes"
"Malta","2012","247","","1000 tonnes"
"Malta","2011","245","","1000 tonnes"
"Malta","2010","249","","1000 tonnes"
"Malta","2009","268","","1000 tonnes"
"Malta","2008","276","","1000 tonnes"
"Malta","2007","266","","1000 tonnes"
"Malta","2006","253","","1000 tonnes"
"Malta","2005","252","","1000 tonnes"
"Malta","2004","250","","1000 tonnes"
"Malta","2003","231","","1000 tonnes"
"Malta","2002","214","","1000 tonnes"
"Malta","2001","212","","1000 tonnes"
"Malta","2000","208","","1000 tonnes"
"Malta","1999","181","","1000 tonnes"
"Malta","1998","177","17","1000 tonnes"
"Malta","1997","167","17","1000 tonnes"
"Malta","1996","156","17","1000 tonnes"
"Malta","1995","146","17","1000 tonnes"
"Marshall Islands","2007","26","","1000 tonnes"
"Martinique","2013","193.899993896484","","1000 tonnes"
"Martinique","2011","196.800003051758","","1000 tonnes"
"Martinique","2009","180.800003051758","","1000 tonnes"
"Martinique","2007","210.600006103516","","1000 tonnes"
"Martinique","2001","245.600006103516","","1000 tonnes"
"Martinique","1999","218.399993896484","","1000 tonnes"
"Mauritius","2012","387.920013427734","","1000 tonnes"
"Mauritius","2011","414.529998779297","","1000 tonnes"
"Mauritius","2010","467.980010986328","","1000 tonnes"
"Mauritius","2009","407.760009765625","","1000 tonnes"
"Mauritius","2008","395.670013427734","","1000 tonnes"
"Mauritius","2007","391.459991455078","","1000 tonnes"
"Mauritius","2006","403.359985351563","","1000 tonnes"
"Mauritius","2005","376.260009765625","","1000 tonnes"
"Mauritius","2004","371.890014648438","","1000 tonnes"
"Mauritius","2003","359.459991455078","","1000 tonnes"
"Mauritius","2002","332.420013427734","","1000 tonnes"
"Mauritius","2001","298.730010986328","","1000 tonnes"
"Mauritius","2000","253.169998168945","","1000 tonnes"
"Mexico","2012","42102.75","","1000 tonnes"
"Mexico","2011","41062.5","","1000 tonnes"
"Mexico","2010","40058.75","","1000 tonnes"
"Mexico","2009","38325","","1000 tonnes"
"Mexico","2008","37595","","1000 tonnes"
"Mexico","2007","36865","","1000 tonnes"
"Mexico","2006","36135","","1000 tonnes"
"Mexico","2005","35404.8984375","","1000 tonnes"
"Mexico","2004","34604","","1000 tonnes"
"Mexico","2003","32915.69921875","","1000 tonnes"
"Mexico","2002","32173.599609375","","1000 tonnes"
"Mexico","2001","31488.599609375","","1000 tonnes"
"Mexico","2000","30733","","1000 tonnes"
"Mexico","1999","30952","","1000 tonnes"
"Mexico","1998","30550.5","","1000 tonnes"
"Mexico","1997","29272.400390625","","1000 tonnes"
"Mexico","1996","31959.400390625","","1000 tonnes"
"Mexico","1995","30509.599609375","","1000 tonnes"
"Mexico","1994","29472.400390625","6","1000 tonnes"
"Mexico","1993","28089.5","6","1000 tonnes"
"Mexico","1992","21967.529296875","6","1000 tonnes"
"Mexico","1991","21062.330078125","6","1000 tonnes"
"Monaco","2015","30.8320007324219","","1000 tonnes"
"Monaco","2014","30.7150001525879","","1000 tonnes"
"Monaco","2013","30.8110008239746","","1000 tonnes"
"Monaco","2012","45.5200004577637","","1000 tonnes"
"Monaco","2011","43.9466171264648","","1000 tonnes"
"Monaco","2010","38.8689994812012","","1000 tonnes"
"Monaco","2009","36.689998626709","26","1000 tonnes"
"Monaco","2008","40.7270011901855","26","1000 tonnes"
"Monaco","2007","41.1000022888184","26","1000 tonnes"
"Monaco","2006","39.5400009155273","26","1000 tonnes"
"Monaco","2005","39.8600006103516","26","1000 tonnes"
"Monaco","2004","39.939998626709","26","1000 tonnes"
"Monaco","2003","40.0400009155273","26","1000 tonnes"
"Monaco","2002","40.2199974060059","26","1000 tonnes"
"Monaco","2001","39.560001373291","26","1000 tonnes"
"Monaco","2000","38.9200019836426","26","1000 tonnes"
"Monaco","1999","36.689998626709","26","1000 tonnes"
"Monaco","1998","41.0200004577637","26","1000 tonnes"
"Monaco","1997","44.7100028991699","26","1000 tonnes"
"Monaco","1996","49.3499984741211","26","1000 tonnes"
"Monaco","1995","47.6000022888184","26","1000 tonnes"
"Montenegro","2012","279.6669921875","","1000 tonnes"
"Montenegro","2011","297.428009033203","","1000 tonnes"
"Montenegro","2010","329.609985351563","","1000 tonnes"
"Montenegro","2009","349.39599609375","","1000 tonnes"
"Montenegro","2008","382.028991699219","27","1000 tonnes"
"Montenegro","2007","493.160003662109","28","1000 tonnes"
"Montenegro","2006","304.037994384766","29","1000 tonnes"
"Montenegro","2002","677.710021972656","","1000 tonnes"
"Montenegro","1995","839.072998046875","","1000 tonnes"
"Montenegro","1990","414.683990478516","","1000 tonnes"
"Morocco","2015","5817.115234375","","1000 tonnes"
"Morocco","2014","5667.9609375","","1000 tonnes"
"Morocco","2000","6500","","1000 tonnes"
"Nepal","2002","418.399993896484","","1000 tonnes"
"Nepal","2001","418","","1000 tonnes"
"Netherlands","2014","8890","","1000 tonnes"
"Netherlands","2013","8842","","1000 tonnes"
"Netherlands","2012","9203","","1000 tonnes"
"Netherlands","2011","9479","","1000 tonnes"
"Netherlands","2010","9484","","1000 tonnes"
"Netherlands","2009","9738","","1000 tonnes"
"Netherlands","2008","9868","","1000 tonnes"
"Netherlands","2007","9922","","1000 tonnes"
"Netherlands","2006","9761","","1000 tonnes"
"Netherlands","2005","9769","","1000 tonnes"
"Netherlands","2004","9746","","1000 tonnes"
"Netherlands","2003","9504","","1000 tonnes"
"Netherlands","2002","9684","","1000 tonnes"
"Netherlands","2001","9550","","1000 tonnes"
"Netherlands","2000","9529","","1000 tonnes"
"Netherlands","1999","9205","","1000 tonnes"
"Netherlands","1998","9069","","1000 tonnes"
"Netherlands","1997","8986","","1000 tonnes"
"Netherlands","1996","8565","","1000 tonnes"
"Netherlands","1995","8337","","1000 tonnes"
"Netherlands","1994","8501","","1000 tonnes"
"Netherlands","1993","8377","","1000 tonnes"
"Netherlands","1991","7470","","1000 tonnes"
"Netherlands","1990","7430","","1000 tonnes"
"New Zealand","2014","2931","15","1000 tonnes"
"New Zealand","2013","2798","15","1000 tonnes"
"New Zealand","2012","2595","18","1000 tonnes"
"New Zealand","2011","2461","15","1000 tonnes"
"New Zealand","2010","2531","18","1000 tonnes"
"New Zealand","2006","3156","15","1000 tonnes"
"New Zealand","2004","3186","15","1000 tonnes"
"New Zealand","2003","3075","15","1000 tonnes"
"New Zealand","2002","3022","15","1000 tonnes"
"New Zealand","1995","3180","15","1000 tonnes"
"New Zealand","1990","3330","15","1000 tonnes"
"Niger","2005","9750","","1000 tonnes"
"Niger","2004","9375","","1000 tonnes"
"Niger","2003","9000","","1000 tonnes"
"Niger","2002","8625","","1000 tonnes"
"Niger","2001","8250","","1000 tonnes"
"Niger","2000","7875","","1000 tonnes"
"Niger","1999","7500","","1000 tonnes"
"Niger","1998","6750","","1000 tonnes"
"Norway","2014","2175.43994140625","","1000 tonnes"
"Norway","2013","2517.9599609375","","1000 tonnes"
"Norway","2012","2392","","1000 tonnes"
"Norway","2011","2403","","1000 tonnes"
"Norway","2010","2295","","1000 tonnes"
"Norway","2009","2269","","1000 tonnes"
"Norway","2008","2324","","1000 tonnes"
"Norway","2007","2312","","1000 tonnes"
"Norway","2006","2140","","1000 tonnes"
"Norway","2005","1968","","1000 tonnes"
"Norway","2004","1903","","1000 tonnes"
"Norway","2003","1836","","1000 tonnes"
"Norway","2002","1780","","1000 tonnes"
"Norway","2001","1629","18","1000 tonnes"
"Norway","2000","2755","","1000 tonnes"
"Norway","1999","2650","","1000 tonnes"
"Norway","1998","2858.19995117188","","1000 tonnes"
"Norway","1997","2720.69995117188","","1000 tonnes"
"Norway","1996","2761.19995117188","","1000 tonnes"
"Norway","1995","2722.19995117188","","1000 tonnes"
"Norway","1994","2366","","1000 tonnes"
"Norway","1993","2217","","1000 tonnes"
"Norway","1992","2222.80004882813","6","1000 tonnes"
"Norway","1990","2000","","1000 tonnes"
"Panama","2015","701.622985839844","","1000 tonnes"
"Panama","2014","687.007019042969","","1000 tonnes"
"Panama","2013","677.4169921875","","1000 tonnes"
"Panama","2012","670.111328125","","1000 tonnes"
"Panama","2011","674.404724121094","","1000 tonnes"
"Panama","2010","634.006103515625","","1000 tonnes"
"Panama","2009","553.551513671875","","1000 tonnes"
"Panama","2008","497.274078369141","","1000 tonnes"
"Panama","2007","514.737182617188","","1000 tonnes"
"Panama","2006","396.660827636719","","1000 tonnes"
"Panama","2005","383.009552001953","","1000 tonnes"
"Panama","2004","393.406463623047","","1000 tonnes"
"Panama","2003","382.493103027344","","1000 tonnes"
"Panama","2002","369.764526367188","","1000 tonnes"
"Panama","2001","372.704467773438","","1000 tonnes"
"Panama","2000","353.986297607422","","1000 tonnes"
"Panama","1999","321.731842041016","30","1000 tonnes"
"Panama","1998","343.805511474609","30","1000 tonnes"
"Panama","1997","306.152374267578","30","1000 tonnes"
"Panama","1996","279.639617919922","30","1000 tonnes"
"Panama","1995","264.787658691406","30","1000 tonnes"
"Peru","2001","4739.97021484375","","1000 tonnes"
"Philippines","2009","9103.7197265625","","1000 tonnes"
"Philippines","2008","8868.7197265625","","1000 tonnes"
"Philippines","2007","7472.33984375","","1000 tonnes"
"Poland","2014","10330","18","1000 tonnes"
"Poland","2013","11295","18","1000 tonnes"
"Poland","2012","12084","23","1000 tonnes"
"Poland","2011","12129","23","1000 tonnes"
"Poland","2010","12032","23","1000 tonnes"
"Poland","2009","12053","23","1000 tonnes"
"Poland","2008","12194","23","1000 tonnes"
"Poland","2007","12264","23","1000 tonnes"
"Poland","2006","12235","23","1000 tonnes"
"Poland","2005","12169","18","1000 tonnes"
"Poland","2004","9759","","1000 tonnes"
"Poland","2003","9925","","1000 tonnes"
"Poland","2002","10509","","1000 tonnes"
"Poland","2001","11109","","1000 tonnes"
"Poland","2000","12226","","1000 tonnes"
"Poland","1999","12317","","1000 tonnes"
"Poland","1998","11827","","1000 tonnes"
"Poland","1997","12183","","1000 tonnes"
"Poland","1996","11621","","1000 tonnes"
"Poland","1995","10985","","1000 tonnes"
"Poland","1994","11015","","1000 tonnes"
"Poland","1993","10645","","1000 tonnes"
"Poland","1992","10621","","1000 tonnes"
"Poland","1991","10638","","1000 tonnes"
"Poland","1990","11098","","1000 tonnes"
"Portugal","2014","4710.4599609375","","1000 tonnes"
"Portugal","2013","4597.93994140625","","1000 tonnes"
"Portugal","2012","4765.919921875","","1000 tonnes"
"Portugal","2011","5177.77978515625","","1000 tonnes"
"Portugal","2010","5457.14013671875","","1000 tonnes"
"Portugal","2009","5496.27001953125","","1000 tonnes"
"Portugal","2008","5471.83984375","","1000 tonnes"
"Portugal","2007","4967.27001953125","","1000 tonnes"
"Portugal","2006","4898.080078125","","1000 tonnes"
"Portugal","2005","4745.18017578125","","1000 tonnes"
"Portugal","2004","4665.18994140625","","1000 tonnes"
"Portugal","2003","4692.77978515625","","1000 tonnes"
"Portugal","2002","4595.14990234375","","1000 tonnes"
"Portugal","2001","4500.7001953125","","1000 tonnes"
"Portugal","2000","4531.2001953125","","1000 tonnes"
"Portugal","1999","4363.60009765625","","1000 tonnes"
"Portugal","1998","4275","","1000 tonnes"
"Portugal","1997","4080","","1000 tonnes"
"Portugal","1996","4003","","1000 tonnes"
"Portugal","1995","3884","","1000 tonnes"
"Portugal","1994","3800","","1000 tonnes"
"Portugal","1993","3563","","1000 tonnes"
"Portugal","1992","3270","","1000 tonnes"
"Portugal","1990","3000","","1000 tonnes"
"Qatar","2012","2516.64306640625","31","1000 tonnes"
"Qatar","2011","2566.40307617188","31","1000 tonnes"
"Qatar","2010","2595.61889648438","31","1000 tonnes"
"Qatar","2009","2716.86596679688","31","1000 tonnes"
"Qatar","2008","2493.7109375","31","1000 tonnes"
"Republic of Korea","2013","17786","","1000 tonnes"
"Republic of Korea","2012","17881","","1000 tonnes"
"Republic of Korea","2011","17861","","1000 tonnes"
"Republic of Korea","2010","17943","","1000 tonnes"
"Republic of Korea","2009","18581","","1000 tonnes"
"Republic of Korea","2008","19006","","1000 tonnes"
"Republic of Korea","2007","18376","","1000 tonnes"
"Republic of Korea","2006","17828","","1000 tonnes"
"Republic of Korea","2005","17665","","1000 tonnes"
"Republic of Korea","2004","18252","","1000 tonnes"
"Republic of Korea","2003","18518.900390625","","1000 tonnes"
"Republic of Korea","2002","18214.19921875","","1000 tonnes"
"Republic of Korea","2001","17702.099609375","","1000 tonnes"
"Republic of Korea","2000","16949.900390625","","1000 tonnes"
"Republic of Korea","1999","16649.099609375","","1000 tonnes"
"Republic of Korea","1998","16272.7998046875","","1000 tonnes"
"Republic of Korea","1997","17481.69921875","","1000 tonnes"
"Republic of Korea","1996","18222.599609375","","1000 tonnes"
"Republic of Korea","1995","17438","","1000 tonnes"
"Republic of Korea","1994","21213.099609375","","1000 tonnes"
"Republic of Korea","1993","22973.099609375","","1000 tonnes"
"Republic of Korea","1992","27410","18","1000 tonnes"
"Republic of Korea","1991","33669.80078125","","1000 tonnes"
"Republic of Korea","1990","30646.099609375","","1000 tonnes"
"Republic of Moldova","2012","2469.10009765625","32","1000 tonnes"
"Republic of Moldova","2011","2401.89990234375","32","1000 tonnes"
"Republic of Moldova","2010","2359.5","32","1000 tonnes"
"Republic of Moldova","2009","2267.60009765625","32","1000 tonnes"
"Republic of Moldova","2008","2172.80004882813","32","1000 tonnes"
"Republic of Moldova","2007","1819.5","32","1000 tonnes"
"Republic of Moldova","2006","1381.40002441406","32","1000 tonnes"
"Republic of Moldova","2005","1292.40002441406","32","1000 tonnes"
"Republic of Moldova","2004","1224.30004882813","32","1000 tonnes"
"Republic of Moldova","2003","1164.30004882813","32","1000 tonnes"
"Republic of Moldova","2002","1172.69995117188","32","1000 tonnes"
"Republic of Moldova","2001","1130.80004882813","32","1000 tonnes"
"Republic of Moldova","2000","1175","32","1000 tonnes"
"Republic of Moldova","1999","1251.19995117188","32","1000 tonnes"
"Republic of Moldova","1998","1377.40002441406","32","1000 tonnes"
"Republic of Moldova","1997","1439.59997558594","32","1000 tonnes"
"Republic of Moldova","1996","1574.19995117188","32","1000 tonnes"
"Republic of Moldova","1995","1580.19995117188","32","1000 tonnes"
"Runion","2013","504.5","","1000 tonnes"
"Runion","2011","520.400024414063","","1000 tonnes"
"Runion","2009","466.5","","1000 tonnes"
"Runion","2007","558.700012207031","","1000 tonnes"
"Runion","2005","558.099975585938","","1000 tonnes"
"Runion","2000","372","","1000 tonnes"
"Runion","1998","366","","1000 tonnes"
"Runion","1997","291","","1000 tonnes"
"Romania","2014","4953","","1000 tonnes"
"Romania","2013","5070","","1000 tonnes"
"Romania","2012","5044","","1000 tonnes"
"Romania","2011","5216","","1000 tonnes"
"Romania","2010","6343","","1000 tonnes"
"Romania","2009","7768","17","1000 tonnes"
"Romania","2008","8439","17","1000 tonnes"
"Romania","2007","8161","17","1000 tonnes"
"Romania","2006","8392","17","1000 tonnes"
"Romania","2005","8173","17","1000 tonnes"
"Romania","2004","7483","17","1000 tonnes"
"Romania","2003","7611","17","1000 tonnes"
"Romania","2002","8365","17","1000 tonnes"
"Romania","2001","7539","17","1000 tonnes"
"Romania","2000","7961","17","1000 tonnes"
"Romania","1999","7066","","1000 tonnes"
"Romania","1998","6246","","1000 tonnes"
"Romania","1997","7347","","1000 tonnes"
"Romania","1996","7375","","1000 tonnes"
"Romania","1995","7758","","1000 tonnes"
"Russian Federation","2012","10071","33","1000 tonnes"
"Russian Federation","2000","43536","33","1000 tonnes"
"Saint Lucia","2015","72","","1000 tonnes"
"Saint Lucia","2014","70","","1000 tonnes"
"Saint Lucia","2013","72","","1000 tonnes"
"Saint Lucia","2012","69","","1000 tonnes"
"Saint Lucia","2011","68","","1000 tonnes"
"Saint Lucia","2010","76","","1000 tonnes"
"Saint Lucia","2009","76","","1000 tonnes"
"Saint Lucia","2008","75","","1000 tonnes"
"Saint Lucia","2007","78","","1000 tonnes"
"Saint Lucia","2006","72","","1000 tonnes"
"Saint Lucia","2005","71","","1000 tonnes"
"Saint Lucia","2004","70","","1000 tonnes"
"Saint Vincent and the Grenadines","2002","37.7999992370605","","1000 tonnes"
"Senegal","2005","465","34","1000 tonnes"
"Senegal","2000","392","34","1000 tonnes"
"Senegal","1995","330","34","1000 tonnes"
"Serbia","2015","1374","","1000 tonnes"
"Serbia","2014","1685","","1000 tonnes"
"Serbia","2013","1945","","1000 tonnes"
"Serbia","2012","1830","","1000 tonnes"
"Serbia","2011","2090","","1000 tonnes"
"Serbia","2010","1890","","1000 tonnes"
"Serbia","2009","1580","","1000 tonnes"
"Serbia","2008","1520","","1000 tonnes"
"Serbia","2007","1240","","1000 tonnes"
"Serbia","2006","1040","","1000 tonnes"
"Serbia and Montenegro","2005","2890","","1000 tonnes"
"Serbia and Montenegro","1999","2322","35","1000 tonnes"
"Singapore","2015","7668.2001953125","36","1000 tonnes"
"Singapore","2014","7514.7998046875","36","1000 tonnes"
"Singapore","2013","7851.2001953125","36","1000 tonnes"
"Singapore","2012","7269.5","36","1000 tonnes"
"Singapore","2011","6898","36","1000 tonnes"
"Singapore","2010","6517","36","1000 tonnes"
"Singapore","2009","6114.2001953125","36","1000 tonnes"
"Singapore","2008","5970.10009765625","36","1000 tonnes"
"Singapore","2007","5601.60009765625","36","1000 tonnes"
"Singapore","2006","5220.5","36","1000 tonnes"
"Singapore","2005","5018.2001953125","36","1000 tonnes"
"Singapore","2004","4789.2998046875","36","1000 tonnes"
"Singapore","2003","4728.39990234375","36","1000 tonnes"
"Singapore","2002","4809","36","1000 tonnes"
"Singapore","2001","5035.39990234375","36","1000 tonnes"
"Singapore","2000","4650.89990234375","36","1000 tonnes"
"Singapore","1999","2792.60009765625","36,37","1000 tonnes"
"Singapore","1998","2842.19995117188","36,37","1000 tonnes"
"Singapore","1997","2796.19995117188","36,37","1000 tonnes"
"Singapore","1996","2756.80004882813","36,37","1000 tonnes"
"Slovakia","2014","1741.73999023438","","1000 tonnes"
"Slovakia","2013","1644.64001464844","","1000 tonnes"
"Slovakia","2012","1656.56994628906","","1000 tonnes"
"Slovakia","2011","1678.92004394531","","1000 tonnes"
"Slovakia","2010","1719.01000976563","","1000 tonnes"
"Slovakia","2009","1654.34704589844","","1000 tonnes"
"Slovakia","2008","1685.53295898438","","1000 tonnes"
"Slovakia","2007","1579.06103515625","","1000 tonnes"
"Slovakia","2006","1523.98803710938","","1000 tonnes"
"Slovakia","2005","1467.76599121094","","1000 tonnes"
"Slovakia","2004","1400.03198242188","","1000 tonnes"
"Slovakia","2003","1511.24096679688","","1000 tonnes"
"Slovakia","2002","1449.11401367188","18","1000 tonnes"
"Slovakia","2000","1706.72204589844","","1000 tonnes"
"Slovakia","1999","1731.09899902344","","1000 tonnes"
"Slovakia","1998","1739.97497558594","","1000 tonnes"
"Slovakia","1997","1775.76696777344","","1000 tonnes"
"Slovakia","1996","1685.96398925781","","1000 tonnes"
"Slovakia","1995","1620","","1000 tonnes"
"Slovakia","1994","1600","","1000 tonnes"
"Slovakia","1993","1600","","1000 tonnes"
"Slovakia","1992","1600","","1000 tonnes"
"Slovenia","2014","891.710021972656","","1000 tonnes"
"Slovenia","2013","853.390014648438","18","1000 tonnes"
"Slovenia","2012","744.010009765625","","1000 tonnes"
"Slovenia","2011","852.119995117188","","1000 tonnes"
"Slovenia","2010","1003.90002441406","","1000 tonnes"
"Slovenia","2009","1069.34997558594","","1000 tonnes"
"Slovenia","2008","1094.76000976563","","1000 tonnes"
"Slovenia","2007","1060.08996582031","","1000 tonnes"
"Slovenia","2006","1036.46997070313","","1000 tonnes"
"Slovenia","2005","988.72998046875","","1000 tonnes"
"Slovenia","2004","969.210021972656","18","1000 tonnes"
"Slovenia","2003","834.02001953125","","1000 tonnes"
"Slovenia","2002","812.059997558594","18","1000 tonnes"
"Slovenia","2001","952.679992675781","","1000 tonnes"
"Slovenia","2000","1020","23","1000 tonnes"
"Slovenia","1999","1090","23","1000 tonnes"
"Slovenia","1998","1158.7900390625","","1000 tonnes"
"Slovenia","1997","1170","23","1000 tonnes"
"Slovenia","1996","1175","23","1000 tonnes"
"Slovenia","1995","1185.93005371094","","1000 tonnes"
"Spain","2014","20217.400390625","","1000 tonnes"
"Spain","2013","21184.19921875","","1000 tonnes"
"Spain","2012","21896.33984375","","1000 tonnes"
"Spain","2011","22672.41015625","","1000 tonnes"
"Spain","2010","23774.419921875","","1000 tonnes"
"Spain","2009","25107.98046875","","1000 tonnes"
"Spain","2008","25316.939453125","","1000 tonnes"
"Spain","2007","26153.990234375","","1000 tonnes"
"Spain","2006","26209.189453125","","1000 tonnes"
"Spain","2005","25683","","1000 tonnes"
"Spain","2004","25746","","1000 tonnes"
"Spain","2003","27270","","1000 tonnes"
"Spain","2002","26404","","1000 tonnes"
"Spain","2001","24833.763671875","6","1000 tonnes"
"Spain","2000","24730.283203125","6","1000 tonnes"
"Spain","1999","22831.552734375","6","1000 tonnes"
"Spain","1998","20921.61328125","6","1000 tonnes"
"Spain","1997","20689.28515625","6","1000 tonnes"
"Spain","1996","19710.7109375","6","1000 tonnes"
"Spain","1995","18731.763671875","6","1000 tonnes"
"Sri Lanka","2004","1036.03796386719","","1000 tonnes"
"State of Palestine","2015","1650.90002441406","38","1000 tonnes"
"State of Palestine","2014","1603.93005371094","38","1000 tonnes"
"State of Palestine","2013","1557.77001953125","38","1000 tonnes"
"State of Palestine","2012","1513","38","1000 tonnes"
"State of Palestine","2011","1468","38","1000 tonnes"
"State of Palestine","2010","1426","38","1000 tonnes"
"State of Palestine","2009","1385","38","1000 tonnes"
"State of Palestine","2008","1346","38","1000 tonnes"
"State of Palestine","2007","1309","38","1000 tonnes"
"State of Palestine","2006","1271","38","1000 tonnes"
"State of Palestine","2005","1234","38","1000 tonnes"
"State of Palestine","2004","1198","38","1000 tonnes"
"State of Palestine","2003","1165","38","1000 tonnes"
"State of Palestine","2002","1133","38","1000 tonnes"
"State of Palestine","2001","1102","38","1000 tonnes"
"Sudan (Former)","2009","1355","39","1000 tonnes"
"Sudan (Former)","2008","967","39","1000 tonnes"
"Sudan (Former)","2007","866","39","1000 tonnes"
"Sudan (Former)","2006","732","39","1000 tonnes"
"Sudan (Former)","2005","573","39","1000 tonnes"
"Sudan (Former)","2004","505","39","1000 tonnes"
"Sudan (Former)","2003","415","39","1000 tonnes"
"Sudan (Former)","2002","276","39","1000 tonnes"
"Suriname","2015","204.690002441406","21,40,41","1000 tonnes"
"Suriname","2014","196.809997558594","21,40,41","1000 tonnes"
"Suriname","2013","78.9899978637695","21,40,41","1000 tonnes"
"Suriname","2012","77.2099990844727","21,40,41","1000 tonnes"
"Suriname","2011","83.9599990844727","21,40,41","1000 tonnes"
"Suriname","2010","82.2399978637695","21,40,41","1000 tonnes"
"Suriname","2009","76.6399993896484","21,40,41","1000 tonnes"
"Suriname","2008","75.9300003051758","21,40,41","1000 tonnes"
"Suriname","2007","183.481994628906","","1000 tonnes"
"Sweden","2014","4246.27978515625","","1000 tonnes"
"Sweden","2013","4326.06982421875","","1000 tonnes"
"Sweden","2012","4285.08984375","","1000 tonnes"
"Sweden","2011","4246.240234375","","1000 tonnes"
"Sweden","2010","4115.08984375","","1000 tonnes"
"Sweden","2009","4365.72021484375","","1000 tonnes"
"Sweden","2008","4454.58984375","","1000 tonnes"
"Sweden","2007","4442.47021484375","","1000 tonnes"
"Sweden","2006","4446.68017578125","","1000 tonnes"
"Sweden","2005","4305.75","","1000 tonnes"
"Sweden","2004","4134.4501953125","","1000 tonnes"
"Sweden","2003","4155.60009765625","","1000 tonnes"
"Sweden","2002","4149","","1000 tonnes"
"Sweden","2001","3907.19995117188","","1000 tonnes"
"Sweden","2000","3793","","1000 tonnes"
"Sweden","1999","3794","","1000 tonnes"
"Sweden","1998","3869","","1000 tonnes"
"Sweden","1997","3678","","1000 tonnes"
"Sweden","1996","3458","","1000 tonnes"
"Sweden","1995","3405","","1000 tonnes"
"Sweden","1994","3507","","1000 tonnes"
"Sweden","1990","3200","","1000 tonnes"
"Switzerland","2014","6006","","1000 tonnes"
"Switzerland","2013","5708","","1000 tonnes"
"Switzerland","2012","5576","","1000 tonnes"
"Switzerland","2011","5478","","1000 tonnes"
"Switzerland","2010","5565","","1000 tonnes"
"Switzerland","2009","5461","","1000 tonnes"
"Switzerland","2008","5653","","1000 tonnes"
"Switzerland","2007","5465","","1000 tonnes"
"Switzerland","2006","5330","","1000 tonnes"
"Switzerland","2005","4940","","1000 tonnes"
"Switzerland","2004","4900","","1000 tonnes"
"Switzerland","2003","4916","","1000 tonnes"
"Switzerland","2002","4936","","1000 tonnes"
"Switzerland","2001","4794","","1000 tonnes"
"Switzerland","2000","4731","","1000 tonnes"
"Switzerland","1999","4555.2001953125","","1000 tonnes"
"Switzerland","1998","4369.39990234375","","1000 tonnes"
"Switzerland","1997","4294.39990234375","","1000 tonnes"
"Switzerland","1996","4280","","1000 tonnes"
"Switzerland","1995","4240","","1000 tonnes"
"Switzerland","1994","4161.5","","1000 tonnes"
"Switzerland","1993","4140.2001953125","","1000 tonnes"
"Switzerland","1992","4096.7001953125","","1000 tonnes"
"Switzerland","1991","4131.2001953125","","1000 tonnes"
"Switzerland","1990","4101","","1000 tonnes"
"The former Yugoslav Republic of Macedonia","2015","620","","1000 tonnes"
"The former Yugoslav Republic of Macedonia","2014","570","","1000 tonnes"
"The former Yugoslav Republic of Macedonia","2013","555","","1000 tonnes"
"The former Yugoslav Republic of Macedonia","2012","558","","1000 tonnes"
"The former Yugoslav Republic of Macedonia","2011","543","","1000 tonnes"
"The former Yugoslav Republic of Macedonia","2010","545","","1000 tonnes"
"The former Yugoslav Republic of Macedonia","2009","552","42","1000 tonnes"
"The former Yugoslav Republic of Macedonia","2008","531","42","1000 tonnes"
"The former Yugoslav Republic of Macedonia","2005","573","","1000 tonnes"
"Togo","2012","197","","1000 tonnes"
"Togo","2011","175","","1000 tonnes"
"Togo","2010","173","","1000 tonnes"
"Trinidad and Tobago","2002","425","43","1000 tonnes"
"Trinidad and Tobago","2001","379","43","1000 tonnes"
"Trinidad and Tobago","2000","424","43","1000 tonnes"
"Trinidad and Tobago","1999","336","43","1000 tonnes"
"Trinidad and Tobago","1998","323","43","1000 tonnes"
"Trinidad and Tobago","1997","296","43","1000 tonnes"
"Trinidad and Tobago","1996","259","43","1000 tonnes"
"Trinidad and Tobago","1995","247","43","1000 tonnes"
"Trinidad and Tobago","1990","215","43","1000 tonnes"
"Tunisia","2004","1316.25","","1000 tonnes"
"Tunisia","2003","1205","","1000 tonnes"
"Tunisia","2002","1195","","1000 tonnes"
"Tunisia","2001","1180","","1000 tonnes"
"Tunisia","2000","1170","","1000 tonnes"
"Tunisia","1994","1023","","1000 tonnes"
"Turkey","2014","31230","","1000 tonnes"
"Turkey","2013","30920","","1000 tonnes"
"Turkey","2012","30786","","1000 tonnes"
"Turkey","2011","30862","","1000 tonnes"
"Turkey","2010","29733","","1000 tonnes"
"Turkey","2009","30196","","1000 tonnes"
"Turkey","2008","28454","","1000 tonnes"
"Turkey","2007","30365.58984375","","1000 tonnes"
"Turkey","2006","30081.8203125","","1000 tonnes"
"Turkey","2005","31351.869140625","","1000 tonnes"
"Turkey","2004","29736.189453125","18","1000 tonnes"
"Turkey","2003","31081.369140625","","1000 tonnes"
"Turkey","2002","30999.259765625","","1000 tonnes"
"Turkey","2001","31030.869140625","","1000 tonnes"
"Turkey","2000","30617","","1000 tonnes"
"Turkey","1999","30470.029296875","","1000 tonnes"
"Turkey","1998","32972.890625","","1000 tonnes"
"Turkey","1997","31943.76953125","","1000 tonnes"
"Turkey","1996","29347.98046875","","1000 tonnes"
"Turkey","1995","27234.130859375","","1000 tonnes"
"Turkey","1994","23448","","1000 tonnes"
"Turkey","1991","22315","","1000 tonnes"
"Uganda","2006","224.238006591797","","1000 tonnes"
"Ukraine","2009","4444.7998046875","44","1000 tonnes"
"Ukraine","2008","4369.89990234375","44","1000 tonnes"
"Ukraine","2007","4387.5","44","1000 tonnes"
"Ukraine","2006","3618.39990234375","44","1000 tonnes"
"Ukraine","2005","3526.94995117188","44","1000 tonnes"
"Ukraine","2004","3235.30004882813","44","1000 tonnes"
"Ukraine","2003","2821.69995117188","44","1000 tonnes"
"Ukraine","2002","2920.30004882813","44","1000 tonnes"
"Ukraine","2001","2301.10009765625","44","1000 tonnes"
"Ukraine","2000","1459.09997558594","44","1000 tonnes"
"Ukraine","1999","765.5","44","1000 tonnes"
"Ukraine","1995","778.900024414063","44","1000 tonnes"
"United Arab Emirates","2015","6061.04736328125","","1000 tonnes"
"United Arab Emirates","2014","5396.16259765625","","1000 tonnes"
"United Arab Emirates","2013","5894.17529296875","","1000 tonnes"
"United Arab Emirates","2012","5173.2314453125","45","1000 tonnes"
"United Arab Emirates","2011","5211.1669921875","45","1000 tonnes"
"United Arab Emirates","2009","6654.2001953125","45","1000 tonnes"
"United Kingdom of Great Britain and Northern Ireland","2014","31130.990234375","","1000 tonnes"
"United Kingdom of Great Britain and Northern Ireland","2013","30890.25","","1000 tonnes"
"United Kingdom of Great Britain and Northern Ireland","2012","30413.349609375","","1000 tonnes"
"United Kingdom of Great Britain and Northern Ireland","2011","31066.060546875","","1000 tonnes"
"United Kingdom of Great Britain and Northern Ireland","2010","31954.509765625","","1000 tonnes"
"United Kingdom of Great Britain and Northern Ireland","2009","32507.44921875","","1000 tonnes"
"United Kingdom of Great Britain and Northern Ireland","2008","33424","","1000 tonnes"
"United Kingdom of Great Britain and Northern Ireland","2007","34780","","1000 tonnes"
"United Kingdom of Great Britain and Northern Ireland","2006","35479","","1000 tonnes"
"United Kingdom of Great Britain and Northern Ireland","2005","35121","","1000 tonnes"
"United Kingdom of Great Britain and Northern Ireland","2004","36121","","1000 tonnes"
"United Kingdom of Great Britain and Northern Ireland","2003","35279","","1000 tonnes"
"United Kingdom of Great Britain and Northern Ireland","2002","35532","","1000 tonnes"
"United Kingdom of Great Britain and Northern Ireland","2001","34945","","1000 tonnes"
"United Kingdom of Great Britain and Northern Ireland","2000","33954","","1000 tonnes"
"United Kingdom of Great Britain and Northern Ireland","1999","33392","","1000 tonnes"
"United Kingdom of Great Britain and Northern Ireland","1998","31697","","1000 tonnes"
"United Kingdom of Great Britain and Northern Ireland","1997","31042","","1000 tonnes"
"United Kingdom of Great Britain and Northern Ireland","1996","29750","","1000 tonnes"
"United Kingdom of Great Britain and Northern Ireland","1995","28900","","1000 tonnes"
"United Kingdom of Great Britain and Northern Ireland","1990","27100","","1000 tonnes"
"United States of America","2012","227604","","1000 tonnes"
"United States of America","2011","227141","","1000 tonnes"
"United States of America","2010","227177","","1000 tonnes"
"United States of America","2009","221861","","1000 tonnes"
"United States of America","2008","229046","","1000 tonnes"
"United States of America","2007","232693","","1000 tonnes"
"United States of America","2006","233237","","1000 tonnes"
"United States of America","2005","230180","","1000 tonnes"
"United States of America","2004","230534","","1000 tonnes"
"United States of America","2003","223548","","1000 tonnes"
"United States of America","2002","222560","","1000 tonnes"
"United States of America","2001","218450","","1000 tonnes"
"United States of America","2000","220854","","1000 tonnes"
"United States of America","1999","213080","","1000 tonnes"
"United States of America","1998","206040","","1000 tonnes"
"United States of America","1997","202393","","1000 tonnes"
"United States of America","1996","195943","","1000 tonnes"
"United States of America","1995","197113","","1000 tonnes"
"United States of America","1994","200742","","1000 tonnes"
"United States of America","1993","197748","","1000 tonnes"
"United States of America","1992","194990","","1000 tonnes"
"United States of America","1991","188949","","1000 tonnes"
"United States of America","1990","188939","","1000 tonnes"
"Uruguay","2000","910","","1000 tonnes"
"Uruguay","1995","870","","1000 tonnes"
"Uruguay","1990","830","","1000 tonnes"
"Yemen","2012","1535","46","1000 tonnes"
"Yemen","2011","1473","46","1000 tonnes"
"Yemen","2010","1452","46","1000 tonnes"
"Yemen","2009","1410","46","1000 tonnes"
"Yemen","2008","1369","46","1000 tonnes"
"Yemen","2007","1447","47","1000 tonnes"
"Yemen","2006","1382","47","1000 tonnes"
"Yemen","2005","1273","47","1000 tonnes"
"Yemen","2004","1167","47","1000 tonnes"
"Yemen","2003","1105","47","1000 tonnes"
"Yemen","2002","1310","47","1000 tonnes"
"Yemen","2001","822","47","1000 tonnes"
"Yemen","2000","1267","47","1000 tonnes"
"Yemen","1999","841","47","1000 tonnes"
"Zambia","2005","388.799987792969","48","1000 tonnes"
"Zambia","2000","291.600006103516","48","1000 tonnes"

"fnSeqID","Footnote"
"1","INS estimate based on the population and on the ratios of waste production per capita (2008 based on 0.7 kg / d / h)."
"2","Data refer to the amount of municipal waste generated."
"3","From 2005, increase in the amount of municipal waste can be explained by the increase in construction activity including demolition of buildings and damage due to hurricanes (falling trees etc), and the number of tourist arrivals and improvements in reporting."
"4","Data refer to total waste generation."
"5","Waste for the Metropolitan Area of Buenos Aires received by CEAMSE. Years 2008-2012. Source: report prepared by the Faculty of Engineering of the University of Buenos Aires (FIUBA) based on data supplied by the Ecological Coordination Metropolitan Area State Society (CEAMSE). It includes activity of Cliba SA, AESA, Urbasur, Nittida, Ente Urban Hygiene, Integra, Balu. (Data published in INDEC page, http://www.indec.gov.ar/ , section Territorio [territory], subsection Medio Ambiente [enviroment])."
"6","Estimated value"
"7","Figure excludes municipal waste collected from origins other than households."
"8","Information provided by the Municipal Sanitation Companies of the capital cities and El Alto."
"9","Information provided by the Municipal Sanitation Companies of the capital cities and El Alto, except Cobija."
"10","The information is collected waste in nine capital cities except El Alto."
"11","Information provided by Municipal Sanitation Companies of capital cities, and does not include El Alto."
"12","These are estimates based on household and marketplace surveys conducted in 1996 and 2004 in 13 regions of Burkina Faso. The estimates include only the urban population, since rural waste is dispersed in the environment and is usually combined with agricultural waste."
"13","Data extracted from the 'National Strategic Plan for the Management and Prevention of Waste in Cabo Verde (PENGER 2015 - 2030)'."
"14","Projection of Total amount of municipal waste collected. Source: CARVALHO, M.L.S. et al,' Plano de Gesto de Resduos, 2003 (page 43)'."
"15","Incomplete data"
"16","Excluding construction waste, aluminium cans and metal-containing waste measured in cubic metres or other unit."
"17","estimated"
"18","Break"
"19","Coverage of data is provincial capital cities only. Number of provincial cities covered in the data is as follows: 1990: 2 cities; 1995: 9 cities; 1996: 10 cities; 1997: 8 cities; 1998: 6 cities; 1999: 6 cities; 2000: 6 cities; 2001: 11 cities; 2002: 11 cities; 2003: 17 cities; 2004: 17 cities; 2005: 16 cities; 2006: 18 cities; 2007: 31 cities; 2009: 32 cities; 2010: 30 cities; 2011: 33 cities; 2012: 31 cities; 2013: 31 cities; 2014: 32 cities; 2015: 31 cities"
"20","Conversion factor of waste volume to weight is 1 m3 of waste = 0.24 tonnes"
"21","Unit: thousand cubic meters."
"22","Large increases in the amount of municipal waste collected between 2008 and 2009 are a result of changes made in reporting of municipal service activity, particularly an enlarged scope of data collection. Also, in 2009 municipal waste collection authorities began work in additional settlements not covered previously."
"23","National estimates"
"24","For the calculations, only the six important locations of 'Faritany' (Antanarivo, Antsiranana, Fianarantsoa, Mahajanga, Toamasia, Toliary) and the cities of Toalagnaro and Nosy-be were taken into account."
"25","Estimated data - Solid waste generated from households and industries, commercial and institution (ICI) sector managed by the concessionaire and the local authority."
"26","Included are household and similar waste collected in Monaco as well as waste from selective collection in Monaco, green waste, ferrous scrap, wood, medicines and bulky items."
"27","Total number of households covered by waste collection in 2008 amounted to 140080."
"28","Total number of households covered by waste collection in 2007 amounted to 140313."
"29","Total number of households covered by waste collection in 2006 amounted to 130980."
"30","Total municipal waste (household, commercial and medical) collected in the districts of Panama, San Miguelito and Arraijn of the Province of Panama. Source: Urban and Households Sanitation Office (1995-2006) and Urban and Households Sanitation Authority (2007-2012). By request of administrative records."
"31","Environmental statistics report 2013, household waste and bulky waste."
"32","Data refer to solid and liquid waste, transported  by various types of specialized vehicles from dwelling houses and socially important companies  in urban areas (industrial waste, construction waste and snow is not included in this indicator). Unit measure- thousands cubic meters."
"33","Data of  the Federal water resources Agency on the volume of solid municipal waste generated."
"34","The quantities of waste collected by municipal services cover only a few years and are available only for the urban community of Dakar."
"35","The data refers to the Republic of Serbia"
"36","Municipal waste includes industrial waste from manufacturing industries."
"37","The total excludes waste recycling data which are pending verification."
"38","The amount of waste was estimated using the per capita average daily waste generated."
"39","The data include only Khartoum state. Khartoum state cleaning project commenced work in 2002."
"40","Picked -up once per week, Picked -up twice per week, Brought to Dumping Place, Put in a container, Dumped Somewhere else, Different Combinations, Other."
"41","The figures cover a large part of the capital city (district Paramaribo),the second largest district of Wanica and Commewijne."
"42","Data are collected through the regular annual survey on municipal waste. The source of data are municipal enterprises that collected municipal waste.  For areas not covered by a municipal waste collection system, the amount of waste generated is estimated. The methodology is fully compiled  with EU Regulation 2150/2002."
"43","Data are from Trinidad and Tobago Solid Waste Management Company Limited (SWMCOL).  The landfills managed by SWMCOL collect 85% of solid waste."
"44","Number may be underestimated due to incompleteness of the data collection. Data cover only separated solid domestic wastes."
"45","Source: Collected waste survey in the National Bureau of Statistics 2009-2012 in collaboration with the following sources: 1. Statistics Center - Abu Dhabi 2. Dubai Statistics Center and the municipalities and the relevant parties in the rest of the Emirates."
"46","The quantity of municipal waste collected is about 40% of the total annual municipal waste generated in the Republic."
"47","Data refer to household waste that is collected from centres (capitals) of governorate only (does not include rural areas, nor other directorates, nor other areas in the governorates). It is waste that is collected from houses, commercial shops and street cleaning. It is collected through municipal official cars and deported to official landfills in governorates and to be buried there."
"48","Data refer to urban population only."
